condition,counter,picture1,picture2,participant,session,date,expName,psychopyVersion,frameRate,
waiting,"[2, 3, 4, 5, 6]",,,088648,001,2022-11-23_19h19.45.498,LocalizerExperiment,2022.2.4,120.34606715192439,
,[],Houses_AI/aihouse (6).png,,088648,001,2022-11-23_19h19.45.498,LocalizerExperiment,2022.2.4,120.34606715192439,
,[7],,Houses_AI/aihouse (66).png,088648,001,2022-11-23_19h19.45.498,LocalizerExperiment,2022.2.4,120.34606715192439,
,[],Houses_AI/aihouse (8).png,,088648,001,2022-11-23_19h19.45.498,LocalizerExperiment,2022.2.4,120.34606715192439,
,[8],,Houses_AI/aihouse (68).png,088648,001,2022-11-23_19h19.45.498,LocalizerExperiment,2022.2.4,120.34606715192439,
,[],Houses_AI/aihouse (9).png,,088648,001,2022-11-23_19h19.45.498,LocalizerExperiment,2022.2.4,120.34606715192439,
,[9],,Houses_AI/aihouse (69).png,088648,001,2022-11-23_19h19.45.498,LocalizerExperiment,2022.2.4,120.34606715192439,
,[],Houses_AI/aihouse (4).png,,088648,001,2022-11-23_19h19.45.498,LocalizerExperiment,2022.2.4,120.34606715192439,
,[10],,Houses_AI/aihouse (64).png,088648,001,2022-11-23_19h19.45.498,LocalizerExperiment,2022.2.4,120.34606715192439,
,[],Houses_AI/aihouse (3).png,,088648,001,2022-11-23_19h19.45.498,LocalizerExperiment,2022.2.4,120.34606715192439,
,[11],,Houses_AI/aihouse (63).png,088648,001,2022-11-23_19h19.45.498,LocalizerExperiment,2022.2.4,120.34606715192439,
,[],Houses_AI/aihouse (2).png,,088648,001,2022-11-23_19h19.45.498,LocalizerExperiment,2022.2.4,120.34606715192439,
,[12],,Houses_AI/aihouse (62).png,088648,001,2022-11-23_19h19.45.498,LocalizerExperiment,2022.2.4,120.34606715192439,
,[],Houses_AI/aihouse (5).png,,088648,001,2022-11-23_19h19.45.498,LocalizerExperiment,2022.2.4,120.34606715192439,
,[13],,Houses_AI/aihouse (65).png,088648,001,2022-11-23_19h19.45.498,LocalizerExperiment,2022.2.4,120.34606715192439,
,[],Houses_AI/aihouse (7).png,,088648,001,2022-11-23_19h19.45.498,LocalizerExperiment,2022.2.4,120.34606715192439,
,[14],,Houses_AI/aihouse (67).png,088648,001,2022-11-23_19h19.45.498,LocalizerExperiment,2022.2.4,120.34606715192439,
resting,"[15, 16, 17, 18, 19, 20, 21, 22]",,,088648,001,2022-11-23_19h19.45.498,LocalizerExperiment,2022.2.4,120.34606715192439,
,[],Faces_AI/aiface (198).png,,088648,001,2022-11-23_19h19.45.498,LocalizerExperiment,2022.2.4,120.34606715192439,
,[23],,Faces_AI/aiface (97).png,088648,001,2022-11-23_19h19.45.498,LocalizerExperiment,2022.2.4,120.34606715192439,
,[],Faces_AI/aiface (199).png,,088648,001,2022-11-23_19h19.45.498,LocalizerExperiment,2022.2.4,120.34606715192439,
,[24],,Faces_AI/aiface (98).png,088648,001,2022-11-23_19h19.45.498,LocalizerExperiment,2022.2.4,120.34606715192439,
,[],Faces_AI/aiface (197).png,,088648,001,2022-11-23_19h19.45.498,LocalizerExperiment,2022.2.4,120.34606715192439,
,[25],,Faces_AI/aiface (96).png,088648,001,2022-11-23_19h19.45.498,LocalizerExperiment,2022.2.4,120.34606715192439,
,[],Faces_AI/aiface (2).png,,088648,001,2022-11-23_19h19.45.498,LocalizerExperiment,2022.2.4,120.34606715192439,
,[26],,Faces_AI/aiface (101).png,088648,001,2022-11-23_19h19.45.498,LocalizerExperiment,2022.2.4,120.34606715192439,
,[],Faces_AI/aiface (200).png,,088648,001,2022-11-23_19h19.45.498,LocalizerExperiment,2022.2.4,120.34606715192439,
,[27],,Faces_AI/aiface (99).png,088648,001,2022-11-23_19h19.45.498,LocalizerExperiment,2022.2.4,120.34606715192439,
,[],Faces_AI/aiface (1).png,,088648,001,2022-11-23_19h19.45.498,LocalizerExperiment,2022.2.4,120.34606715192439,
,[28],,Faces_AI/aiface (100).png,088648,001,2022-11-23_19h19.45.498,LocalizerExperiment,2022.2.4,120.34606715192439,
,[],Faces_AI/aiface (4).png,,088648,001,2022-11-23_19h19.45.498,LocalizerExperiment,2022.2.4,120.34606715192439,
,[29],,Faces_AI/aiface (103).png,088648,001,2022-11-23_19h19.45.498,LocalizerExperiment,2022.2.4,120.34606715192439,
,[],Faces_AI/aiface (3).png,,088648,001,2022-11-23_19h19.45.498,LocalizerExperiment,2022.2.4,120.34606715192439,
,[30],,Faces_AI/aiface (102).png,088648,001,2022-11-23_19h19.45.498,LocalizerExperiment,2022.2.4,120.34606715192439,
resting,"[31, 32, 33, 34, 35, 36, 37, 38]",,,088648,001,2022-11-23_19h19.45.498,LocalizerExperiment,2022.2.4,120.34606715192439,
,[],Faces_AI/aiface (12).png,,088648,001,2022-11-23_19h19.45.498,LocalizerExperiment,2022.2.4,120.34606715192439,
,[39],,Faces_AI/aiface (111).png,088648,001,2022-11-23_19h19.45.498,LocalizerExperiment,2022.2.4,120.34606715192439,
,[],Faces_AI/aiface (9).png,,088648,001,2022-11-23_19h19.45.498,LocalizerExperiment,2022.2.4,120.34606715192439,
,[40],,Faces_AI/aiface (108).png,088648,001,2022-11-23_19h19.45.498,LocalizerExperiment,2022.2.4,120.34606715192439,
,[],Faces_AI/aiface (10).png,,088648,001,2022-11-23_19h19.45.498,LocalizerExperiment,2022.2.4,120.34606715192439,
,[41],,Faces_AI/aiface (109).png,088648,001,2022-11-23_19h19.45.498,LocalizerExperiment,2022.2.4,120.34606715192439,
,[],Faces_AI/aiface (7).png,,088648,001,2022-11-23_19h19.45.498,LocalizerExperiment,2022.2.4,120.34606715192439,
,[42],,Faces_AI/aiface (106).png,088648,001,2022-11-23_19h19.45.498,LocalizerExperiment,2022.2.4,120.34606715192439,
,[],Faces_AI/aiface (6).png,,088648,001,2022-11-23_19h19.45.498,LocalizerExperiment,2022.2.4,120.34606715192439,
,[43],,Faces_AI/aiface (105).png,088648,001,2022-11-23_19h19.45.498,LocalizerExperiment,2022.2.4,120.34606715192439,
,[],Faces_AI/aiface (8).png,,088648,001,2022-11-23_19h19.45.498,LocalizerExperiment,2022.2.4,120.34606715192439,
,[44],,Faces_AI/aiface (107).png,088648,001,2022-11-23_19h19.45.498,LocalizerExperiment,2022.2.4,120.34606715192439,
,[],Faces_AI/aiface (11).png,,088648,001,2022-11-23_19h19.45.498,LocalizerExperiment,2022.2.4,120.34606715192439,
,[45],,Faces_AI/aiface (110).png,088648,001,2022-11-23_19h19.45.498,LocalizerExperiment,2022.2.4,120.34606715192439,
,[],Faces_AI/aiface (5).png,,088648,001,2022-11-23_19h19.45.498,LocalizerExperiment,2022.2.4,120.34606715192439,
,[46],,Faces_AI/aiface (104).png,088648,001,2022-11-23_19h19.45.498,LocalizerExperiment,2022.2.4,120.34606715192439,
resting,"[47, 48, 49, 50, 51, 52, 53, 54]",,,088648,001,2022-11-23_19h19.45.498,LocalizerExperiment,2022.2.4,120.34606715192439,
,[],Houses_AI/aihouse (12).png,,088648,001,2022-11-23_19h19.45.498,LocalizerExperiment,2022.2.4,120.34606715192439,
,[55],,Houses_AI/aihouse (72).png,088648,001,2022-11-23_19h19.45.498,LocalizerExperiment,2022.2.4,120.34606715192439,
,[],Houses_AI/aihouse (13).png,,088648,001,2022-11-23_19h19.45.498,LocalizerExperiment,2022.2.4,120.34606715192439,
,[56],,Houses_AI/aihouse (73).png,088648,001,2022-11-23_19h19.45.498,LocalizerExperiment,2022.2.4,120.34606715192439,
,[],Houses_AI/aihouse (11).png,,088648,001,2022-11-23_19h19.45.498,LocalizerExperiment,2022.2.4,120.34606715192439,
,[57],,Houses_AI/aihouse (71).png,088648,001,2022-11-23_19h19.45.498,LocalizerExperiment,2022.2.4,120.34606715192439,
,[],Houses_AI/aihouse (16).png,,088648,001,2022-11-23_19h19.45.498,LocalizerExperiment,2022.2.4,120.34606715192439,
,[58],,Houses_AI/aihouse (76).png,088648,001,2022-11-23_19h19.45.498,LocalizerExperiment,2022.2.4,120.34606715192439,
,[],Houses_AI/aihouse (10).png,,088648,001,2022-11-23_19h19.45.498,LocalizerExperiment,2022.2.4,120.34606715192439,
,[59],,Houses_AI/aihouse (70).png,088648,001,2022-11-23_19h19.45.498,LocalizerExperiment,2022.2.4,120.34606715192439,
,[],Houses_AI/aihouse (17).png,,088648,001,2022-11-23_19h19.45.498,LocalizerExperiment,2022.2.4,120.34606715192439,
,[60],,Houses_AI/aihouse (77).png,088648,001,2022-11-23_19h19.45.498,LocalizerExperiment,2022.2.4,120.34606715192439,
,[],Houses_AI/aihouse (14).png,,088648,001,2022-11-23_19h19.45.498,LocalizerExperiment,2022.2.4,120.34606715192439,
,[61],,Houses_AI/aihouse (74).png,088648,001,2022-11-23_19h19.45.498,LocalizerExperiment,2022.2.4,120.34606715192439,
,[],Houses_AI/aihouse (15).png,,088648,001,2022-11-23_19h19.45.498,LocalizerExperiment,2022.2.4,120.34606715192439,
,[62],,Houses_AI/aihouse (75).png,088648,001,2022-11-23_19h19.45.498,LocalizerExperiment,2022.2.4,120.34606715192439,
resting,"[63, 64, 65, 66, 67, 68, 69, 70]",,,088648,001,2022-11-23_19h19.45.498,LocalizerExperiment,2022.2.4,120.34606715192439,
,[],Faces_AI/aiface (13).png,,088648,001,2022-11-23_19h19.45.498,LocalizerExperiment,2022.2.4,120.34606715192439,
,[71],,Faces_AI/aiface (112).png,088648,001,2022-11-23_19h19.45.498,LocalizerExperiment,2022.2.4,120.34606715192439,
,[],Faces_AI/aiface (17).png,,088648,001,2022-11-23_19h19.45.498,LocalizerExperiment,2022.2.4,120.34606715192439,
,[72],,Faces_AI/aiface (116).png,088648,001,2022-11-23_19h19.45.498,LocalizerExperiment,2022.2.4,120.34606715192439,
,[],Faces_AI/aiface (19).png,,088648,001,2022-11-23_19h19.45.498,LocalizerExperiment,2022.2.4,120.34606715192439,
,[73],,Faces_AI/aiface (118).png,088648,001,2022-11-23_19h19.45.498,LocalizerExperiment,2022.2.4,120.34606715192439,
,[],Faces_AI/aiface (15).png,,088648,001,2022-11-23_19h19.45.498,LocalizerExperiment,2022.2.4,120.34606715192439,
,[74],,Faces_AI/aiface (114).png,088648,001,2022-11-23_19h19.45.498,LocalizerExperiment,2022.2.4,120.34606715192439,
,[],Faces_AI/aiface (14).png,,088648,001,2022-11-23_19h19.45.498,LocalizerExperiment,2022.2.4,120.34606715192439,
,[75],,Faces_AI/aiface (113).png,088648,001,2022-11-23_19h19.45.498,LocalizerExperiment,2022.2.4,120.34606715192439,
,[],Faces_AI/aiface (16).png,,088648,001,2022-11-23_19h19.45.498,LocalizerExperiment,2022.2.4,120.34606715192439,
,[76],,Faces_AI/aiface (115).png,088648,001,2022-11-23_19h19.45.498,LocalizerExperiment,2022.2.4,120.34606715192439,
,[],Faces_AI/aiface (18).png,,088648,001,2022-11-23_19h19.45.498,LocalizerExperiment,2022.2.4,120.34606715192439,
,[77],,Faces_AI/aiface (117).png,088648,001,2022-11-23_19h19.45.498,LocalizerExperiment,2022.2.4,120.34606715192439,
,[],Faces_AI/aiface (20).png,,088648,001,2022-11-23_19h19.45.498,LocalizerExperiment,2022.2.4,120.34606715192439,
,[78],,Faces_AI/aiface (119).png,088648,001,2022-11-23_19h19.45.498,LocalizerExperiment,2022.2.4,120.34606715192439,
resting,"[79, 80, 81, 82, 83, 84, 85, 86]",,,088648,001,2022-11-23_19h19.45.498,LocalizerExperiment,2022.2.4,120.34606715192439,
,[],Houses_AI/aihouse (20).png,,088648,001,2022-11-23_19h19.45.498,LocalizerExperiment,2022.2.4,120.34606715192439,
,[87],,Houses_AI/aihouse (80).png,088648,001,2022-11-23_19h19.45.498,LocalizerExperiment,2022.2.4,120.34606715192439,
,[],Houses_AI/aihouse (22).png,,088648,001,2022-11-23_19h19.45.498,LocalizerExperiment,2022.2.4,120.34606715192439,
,[88],,Houses_AI/aihouse (82).png,088648,001,2022-11-23_19h19.45.498,LocalizerExperiment,2022.2.4,120.34606715192439,
,[],Houses_AI/aihouse (24).png,,088648,001,2022-11-23_19h19.45.498,LocalizerExperiment,2022.2.4,120.34606715192439,
,[89],,Houses_AI/aihouse (84).png,088648,001,2022-11-23_19h19.45.498,LocalizerExperiment,2022.2.4,120.34606715192439,
,[],Houses_AI/aihouse (23).png,,088648,001,2022-11-23_19h19.45.498,LocalizerExperiment,2022.2.4,120.34606715192439,
,[90],,Houses_AI/aihouse (83).png,088648,001,2022-11-23_19h19.45.498,LocalizerExperiment,2022.2.4,120.34606715192439,
,[],Houses_AI/aihouse (25).png,,088648,001,2022-11-23_19h19.45.498,LocalizerExperiment,2022.2.4,120.34606715192439,
,[91],,Houses_AI/aihouse (85).png,088648,001,2022-11-23_19h19.45.498,LocalizerExperiment,2022.2.4,120.34606715192439,
,[],Houses_AI/aihouse (18).png,,088648,001,2022-11-23_19h19.45.498,LocalizerExperiment,2022.2.4,120.34606715192439,
,[92],,Houses_AI/aihouse (78).png,088648,001,2022-11-23_19h19.45.498,LocalizerExperiment,2022.2.4,120.34606715192439,
,[],Houses_AI/aihouse (21).png,,088648,001,2022-11-23_19h19.45.498,LocalizerExperiment,2022.2.4,120.34606715192439,
,[93],,Houses_AI/aihouse (81).png,088648,001,2022-11-23_19h19.45.498,LocalizerExperiment,2022.2.4,120.34606715192439,
,[],Houses_AI/aihouse (19).png,,088648,001,2022-11-23_19h19.45.498,LocalizerExperiment,2022.2.4,120.34606715192439,
,[94],,Houses_AI/aihouse (79).png,088648,001,2022-11-23_19h19.45.498,LocalizerExperiment,2022.2.4,120.34606715192439,
resting,"[95, 96, 97, 98, 99, 100, 101, 102]",,,088648,001,2022-11-23_19h19.45.498,LocalizerExperiment,2022.2.4,120.34606715192439,
,[],Houses_AI/aihouse (28).png,,088648,001,2022-11-23_19h19.45.498,LocalizerExperiment,2022.2.4,120.34606715192439,
,[103],,Houses_AI/aihouse (88).png,088648,001,2022-11-23_19h19.45.498,LocalizerExperiment,2022.2.4,120.34606715192439,
,[],Houses_AI/aihouse (26).png,,088648,001,2022-11-23_19h19.45.498,LocalizerExperiment,2022.2.4,120.34606715192439,
,[104],,Houses_AI/aihouse (86).png,088648,001,2022-11-23_19h19.45.498,LocalizerExperiment,2022.2.4,120.34606715192439,
,[],Houses_AI/aihouse (31).png,,088648,001,2022-11-23_19h19.45.498,LocalizerExperiment,2022.2.4,120.34606715192439,
,[105],,Houses_AI/aihouse (91).png,088648,001,2022-11-23_19h19.45.498,LocalizerExperiment,2022.2.4,120.34606715192439,
,[],Houses_AI/aihouse (32).png,,088648,001,2022-11-23_19h19.45.498,LocalizerExperiment,2022.2.4,120.34606715192439,
,[106],,Houses_AI/aihouse (92).png,088648,001,2022-11-23_19h19.45.498,LocalizerExperiment,2022.2.4,120.34606715192439,
,[],Houses_AI/aihouse (27).png,,088648,001,2022-11-23_19h19.45.498,LocalizerExperiment,2022.2.4,120.34606715192439,
,[107],,Houses_AI/aihouse (87).png,088648,001,2022-11-23_19h19.45.498,LocalizerExperiment,2022.2.4,120.34606715192439,
,[],Houses_AI/aihouse (30).png,,088648,001,2022-11-23_19h19.45.498,LocalizerExperiment,2022.2.4,120.34606715192439,
,[108],,Houses_AI/aihouse (90).png,088648,001,2022-11-23_19h19.45.498,LocalizerExperiment,2022.2.4,120.34606715192439,
,[],Houses_AI/aihouse (33).png,,088648,001,2022-11-23_19h19.45.498,LocalizerExperiment,2022.2.4,120.34606715192439,
,[109],,Houses_AI/aihouse (93).png,088648,001,2022-11-23_19h19.45.498,LocalizerExperiment,2022.2.4,120.34606715192439,
,[],Houses_AI/aihouse (29).png,,088648,001,2022-11-23_19h19.45.498,LocalizerExperiment,2022.2.4,120.34606715192439,
,[110],,Houses_AI/aihouse (89).png,088648,001,2022-11-23_19h19.45.498,LocalizerExperiment,2022.2.4,120.34606715192439,
resting,"[111, 112, 113, 114, 115, 116, 117, 118]",,,088648,001,2022-11-23_19h19.45.498,LocalizerExperiment,2022.2.4,120.34606715192439,
,[],Faces_AI/aiface (21).png,,088648,001,2022-11-23_19h19.45.498,LocalizerExperiment,2022.2.4,120.34606715192439,
,[119],,Faces_AI/aiface (120).png,088648,001,2022-11-23_19h19.45.498,LocalizerExperiment,2022.2.4,120.34606715192439,
,[],Faces_AI/aiface (22).png,,088648,001,2022-11-23_19h19.45.498,LocalizerExperiment,2022.2.4,120.34606715192439,
,[120],,Faces_AI/aiface (121).png,088648,001,2022-11-23_19h19.45.498,LocalizerExperiment,2022.2.4,120.34606715192439,
,[],Faces_AI/aiface (25).png,,088648,001,2022-11-23_19h19.45.498,LocalizerExperiment,2022.2.4,120.34606715192439,
,[121],,Faces_AI/aiface (124).png,088648,001,2022-11-23_19h19.45.498,LocalizerExperiment,2022.2.4,120.34606715192439,
,[],Faces_AI/aiface (27).png,,088648,001,2022-11-23_19h19.45.498,LocalizerExperiment,2022.2.4,120.34606715192439,
,[122],,Faces_AI/aiface (126).png,088648,001,2022-11-23_19h19.45.498,LocalizerExperiment,2022.2.4,120.34606715192439,
,[],Faces_AI/aiface (26).png,,088648,001,2022-11-23_19h19.45.498,LocalizerExperiment,2022.2.4,120.34606715192439,
,[123],,Faces_AI/aiface (125).png,088648,001,2022-11-23_19h19.45.498,LocalizerExperiment,2022.2.4,120.34606715192439,
,[],Faces_AI/aiface (24).png,,088648,001,2022-11-23_19h19.45.498,LocalizerExperiment,2022.2.4,120.34606715192439,
,[124],,Faces_AI/aiface (123).png,088648,001,2022-11-23_19h19.45.498,LocalizerExperiment,2022.2.4,120.34606715192439,
,[],Faces_AI/aiface (28).png,,088648,001,2022-11-23_19h19.45.498,LocalizerExperiment,2022.2.4,120.34606715192439,
,[125],,Faces_AI/aiface (127).png,088648,001,2022-11-23_19h19.45.498,LocalizerExperiment,2022.2.4,120.34606715192439,
,[],Faces_AI/aiface (23).png,,088648,001,2022-11-23_19h19.45.498,LocalizerExperiment,2022.2.4,120.34606715192439,
,[126],,Faces_AI/aiface (122).png,088648,001,2022-11-23_19h19.45.498,LocalizerExperiment,2022.2.4,120.34606715192439,
resting,"[127, 128, 129, 130, 131, 132, 133, 134]",,,088648,001,2022-11-23_19h19.45.498,LocalizerExperiment,2022.2.4,120.34606715192439,
,[],Faces_AI/aiface (32).png,,088648,001,2022-11-23_19h19.45.498,LocalizerExperiment,2022.2.4,120.34606715192439,
,[135],,Faces_AI/aiface (131).png,088648,001,2022-11-23_19h19.45.498,LocalizerExperiment,2022.2.4,120.34606715192439,
,[],Faces_AI/aiface (34).png,,088648,001,2022-11-23_19h19.45.498,LocalizerExperiment,2022.2.4,120.34606715192439,
,[136],,Faces_AI/aiface (133).png,088648,001,2022-11-23_19h19.45.498,LocalizerExperiment,2022.2.4,120.34606715192439,
,[],Faces_AI/aiface (29).png,,088648,001,2022-11-23_19h19.45.498,LocalizerExperiment,2022.2.4,120.34606715192439,
,[137],,Faces_AI/aiface (128).png,088648,001,2022-11-23_19h19.45.498,LocalizerExperiment,2022.2.4,120.34606715192439,
,[],Faces_AI/aiface (31).png,,088648,001,2022-11-23_19h19.45.498,LocalizerExperiment,2022.2.4,120.34606715192439,
,[138],,Faces_AI/aiface (130).png,088648,001,2022-11-23_19h19.45.498,LocalizerExperiment,2022.2.4,120.34606715192439,
,[],Faces_AI/aiface (35).png,,088648,001,2022-11-23_19h19.45.498,LocalizerExperiment,2022.2.4,120.34606715192439,
,[139],,Faces_AI/aiface (134).png,088648,001,2022-11-23_19h19.45.498,LocalizerExperiment,2022.2.4,120.34606715192439,
,[],Faces_AI/aiface (33).png,,088648,001,2022-11-23_19h19.45.498,LocalizerExperiment,2022.2.4,120.34606715192439,
,[140],,Faces_AI/aiface (132).png,088648,001,2022-11-23_19h19.45.498,LocalizerExperiment,2022.2.4,120.34606715192439,
,[],Faces_AI/aiface (36).png,,088648,001,2022-11-23_19h19.45.498,LocalizerExperiment,2022.2.4,120.34606715192439,
,[141],,Faces_AI/aiface (135).png,088648,001,2022-11-23_19h19.45.498,LocalizerExperiment,2022.2.4,120.34606715192439,
,[],Faces_AI/aiface (30).png,,088648,001,2022-11-23_19h19.45.498,LocalizerExperiment,2022.2.4,120.34606715192439,
,[142],,Faces_AI/aiface (129).png,088648,001,2022-11-23_19h19.45.498,LocalizerExperiment,2022.2.4,120.34606715192439,
resting,"[143, 144, 145, 146, 147, 148, 149, 150]",,,088648,001,2022-11-23_19h19.45.498,LocalizerExperiment,2022.2.4,120.34606715192439,
,[],Houses_AI/aihouse (40).png,,088648,001,2022-11-23_19h19.45.498,LocalizerExperiment,2022.2.4,120.34606715192439,
,[151],,Houses_AI/aihouse (100).png,088648,001,2022-11-23_19h19.45.498,LocalizerExperiment,2022.2.4,120.34606715192439,
,[],Houses_AI/aihouse (36).png,,088648,001,2022-11-23_19h19.45.498,LocalizerExperiment,2022.2.4,120.34606715192439,
,[152],,Houses_AI/aihouse (96).png,088648,001,2022-11-23_19h19.45.498,LocalizerExperiment,2022.2.4,120.34606715192439,
,[],Houses_AI/aihouse (38).png,,088648,001,2022-11-23_19h19.45.498,LocalizerExperiment,2022.2.4,120.34606715192439,
,[153],,Houses_AI/aihouse (98).png,088648,001,2022-11-23_19h19.45.498,LocalizerExperiment,2022.2.4,120.34606715192439,
,[],Houses_AI/aihouse (34).png,,088648,001,2022-11-23_19h19.45.498,LocalizerExperiment,2022.2.4,120.34606715192439,
,[154],,Houses_AI/aihouse (94).png,088648,001,2022-11-23_19h19.45.498,LocalizerExperiment,2022.2.4,120.34606715192439,
,[],Houses_AI/aihouse (37).png,,088648,001,2022-11-23_19h19.45.498,LocalizerExperiment,2022.2.4,120.34606715192439,
,[155],,Houses_AI/aihouse (97).png,088648,001,2022-11-23_19h19.45.498,LocalizerExperiment,2022.2.4,120.34606715192439,
,[],Houses_AI/aihouse (41).png,,088648,001,2022-11-23_19h19.45.498,LocalizerExperiment,2022.2.4,120.34606715192439,
,[156],,Houses_AI/aihouse (101).png,088648,001,2022-11-23_19h19.45.498,LocalizerExperiment,2022.2.4,120.34606715192439,
,[],Houses_AI/aihouse (39).png,,088648,001,2022-11-23_19h19.45.498,LocalizerExperiment,2022.2.4,120.34606715192439,
,[157],,Houses_AI/aihouse (99).png,088648,001,2022-11-23_19h19.45.498,LocalizerExperiment,2022.2.4,120.34606715192439,
,[],Houses_AI/aihouse (35).png,,088648,001,2022-11-23_19h19.45.498,LocalizerExperiment,2022.2.4,120.34606715192439,
,[158],,Houses_AI/aihouse (95).png,088648,001,2022-11-23_19h19.45.498,LocalizerExperiment,2022.2.4,120.34606715192439,
resting,"[159, 160, 161, 162, 163, 164, 165, 166]",,,088648,001,2022-11-23_19h19.45.498,LocalizerExperiment,2022.2.4,120.34606715192439,
,[],Houses_AI/aihouse (42).png,,088648,001,2022-11-23_19h19.45.498,LocalizerExperiment,2022.2.4,120.34606715192439,
,[167],,Houses_AI/aihouse (102).png,088648,001,2022-11-23_19h19.45.498,LocalizerExperiment,2022.2.4,120.34606715192439,
,[],Houses_AI/aihouse (44).png,,088648,001,2022-11-23_19h19.45.498,LocalizerExperiment,2022.2.4,120.34606715192439,
,[168],,Houses_AI/aihouse (104).png,088648,001,2022-11-23_19h19.45.498,LocalizerExperiment,2022.2.4,120.34606715192439,
,[],Houses_AI/aihouse (48).png,,088648,001,2022-11-23_19h19.45.498,LocalizerExperiment,2022.2.4,120.34606715192439,
,[169],,Houses_AI/aihouse (108).png,088648,001,2022-11-23_19h19.45.498,LocalizerExperiment,2022.2.4,120.34606715192439,
,[],Houses_AI/aihouse (49).png,,088648,001,2022-11-23_19h19.45.498,LocalizerExperiment,2022.2.4,120.34606715192439,
,[170],,Houses_AI/aihouse (109).png,088648,001,2022-11-23_19h19.45.498,LocalizerExperiment,2022.2.4,120.34606715192439,
,[],Houses_AI/aihouse (46).png,,088648,001,2022-11-23_19h19.45.498,LocalizerExperiment,2022.2.4,120.34606715192439,
,[171],,Houses_AI/aihouse (106).png,088648,001,2022-11-23_19h19.45.498,LocalizerExperiment,2022.2.4,120.34606715192439,
,[],Houses_AI/aihouse (43).png,,088648,001,2022-11-23_19h19.45.498,LocalizerExperiment,2022.2.4,120.34606715192439,
,[172],,Houses_AI/aihouse (103).png,088648,001,2022-11-23_19h19.45.498,LocalizerExperiment,2022.2.4,120.34606715192439,
,[],Houses_AI/aihouse (47).png,,088648,001,2022-11-23_19h19.45.498,LocalizerExperiment,2022.2.4,120.34606715192439,
,[173],,Houses_AI/aihouse (107).png,088648,001,2022-11-23_19h19.45.498,LocalizerExperiment,2022.2.4,120.34606715192439,
,[],Houses_AI/aihouse (45).png,,088648,001,2022-11-23_19h19.45.498,LocalizerExperiment,2022.2.4,120.34606715192439,
,[174],,Houses_AI/aihouse (105).png,088648,001,2022-11-23_19h19.45.498,LocalizerExperiment,2022.2.4,120.34606715192439,
resting,"[175, 176, 177, 178, 179, 180, 181, 182]",,,088648,001,2022-11-23_19h19.45.498,LocalizerExperiment,2022.2.4,120.34606715192439,
,[],Faces_AI/aiface (42).png,,088648,001,2022-11-23_19h19.45.498,LocalizerExperiment,2022.2.4,120.34606715192439,
,[183],,Faces_AI/aiface (141).png,088648,001,2022-11-23_19h19.45.498,LocalizerExperiment,2022.2.4,120.34606715192439,
,[],Faces_AI/aiface (38).png,,088648,001,2022-11-23_19h19.45.498,LocalizerExperiment,2022.2.4,120.34606715192439,
,[184],,Faces_AI/aiface (137).png,088648,001,2022-11-23_19h19.45.498,LocalizerExperiment,2022.2.4,120.34606715192439,
,[],Faces_AI/aiface (44).png,,088648,001,2022-11-23_19h19.45.498,LocalizerExperiment,2022.2.4,120.34606715192439,
,[185],,Faces_AI/aiface (143).png,088648,001,2022-11-23_19h19.45.498,LocalizerExperiment,2022.2.4,120.34606715192439,
,[],Faces_AI/aiface (41).png,,088648,001,2022-11-23_19h19.45.498,LocalizerExperiment,2022.2.4,120.34606715192439,
,[186],,Faces_AI/aiface (140).png,088648,001,2022-11-23_19h19.45.498,LocalizerExperiment,2022.2.4,120.34606715192439,
,[],Faces_AI/aiface (40).png,,088648,001,2022-11-23_19h19.45.498,LocalizerExperiment,2022.2.4,120.34606715192439,
,[187],,Faces_AI/aiface (139).png,088648,001,2022-11-23_19h19.45.498,LocalizerExperiment,2022.2.4,120.34606715192439,
,[],Faces_AI/aiface (39).png,,088648,001,2022-11-23_19h19.45.498,LocalizerExperiment,2022.2.4,120.34606715192439,
,[188],,Faces_AI/aiface (138).png,088648,001,2022-11-23_19h19.45.498,LocalizerExperiment,2022.2.4,120.34606715192439,
,[],Faces_AI/aiface (43).png,,088648,001,2022-11-23_19h19.45.498,LocalizerExperiment,2022.2.4,120.34606715192439,
,[189],,Faces_AI/aiface (142).png,088648,001,2022-11-23_19h19.45.498,LocalizerExperiment,2022.2.4,120.34606715192439,
,[],Faces_AI/aiface (37).png,,088648,001,2022-11-23_19h19.45.498,LocalizerExperiment,2022.2.4,120.34606715192439,
,[190],,Faces_AI/aiface (136).png,088648,001,2022-11-23_19h19.45.498,LocalizerExperiment,2022.2.4,120.34606715192439,
resting,"[191, 192, 193, 194, 195, 196, 197, 198]",,,088648,001,2022-11-23_19h19.45.498,LocalizerExperiment,2022.2.4,120.34606715192439,
,[],Houses_AI/aihouse (57).png,,088648,001,2022-11-23_19h19.45.498,LocalizerExperiment,2022.2.4,120.34606715192439,
,[199],,Houses_AI/aihouse (117).png,088648,001,2022-11-23_19h19.45.498,LocalizerExperiment,2022.2.4,120.34606715192439,
,[],Houses_AI/aihouse (50).png,,088648,001,2022-11-23_19h19.45.498,LocalizerExperiment,2022.2.4,120.34606715192439,
,[200],,Houses_AI/aihouse (110).png,088648,001,2022-11-23_19h19.45.498,LocalizerExperiment,2022.2.4,120.34606715192439,
,[],Houses_AI/aihouse (55).png,,088648,001,2022-11-23_19h19.45.498,LocalizerExperiment,2022.2.4,120.34606715192439,
,[201],,Houses_AI/aihouse (115).png,088648,001,2022-11-23_19h19.45.498,LocalizerExperiment,2022.2.4,120.34606715192439,
,[],Houses_AI/aihouse (54).png,,088648,001,2022-11-23_19h19.45.498,LocalizerExperiment,2022.2.4,120.34606715192439,
,[202],,Houses_AI/aihouse (114).png,088648,001,2022-11-23_19h19.45.498,LocalizerExperiment,2022.2.4,120.34606715192439,
,[],Houses_AI/aihouse (52).png,,088648,001,2022-11-23_19h19.45.498,LocalizerExperiment,2022.2.4,120.34606715192439,
,[203],,Houses_AI/aihouse (112).png,088648,001,2022-11-23_19h19.45.498,LocalizerExperiment,2022.2.4,120.34606715192439,
,[],Houses_AI/aihouse (51).png,,088648,001,2022-11-23_19h19.45.498,LocalizerExperiment,2022.2.4,120.34606715192439,
,[204],,Houses_AI/aihouse (111).png,088648,001,2022-11-23_19h19.45.498,LocalizerExperiment,2022.2.4,120.34606715192439,
,[],Houses_AI/aihouse (56).png,,088648,001,2022-11-23_19h19.45.498,LocalizerExperiment,2022.2.4,120.34606715192439,
,[205],,Houses_AI/aihouse (116).png,088648,001,2022-11-23_19h19.45.498,LocalizerExperiment,2022.2.4,120.34606715192439,
,[],Houses_AI/aihouse (53).png,,088648,001,2022-11-23_19h19.45.498,LocalizerExperiment,2022.2.4,120.34606715192439,
,[206],,Houses_AI/aihouse (113).png,088648,001,2022-11-23_19h19.45.498,LocalizerExperiment,2022.2.4,120.34606715192439,
resting,"[207, 208, 209, 210, 211, 212, 213, 214]",,,088648,001,2022-11-23_19h19.45.498,LocalizerExperiment,2022.2.4,120.34606715192439,
,[],Faces_AI/aiface (46).png,,088648,001,2022-11-23_19h19.45.498,LocalizerExperiment,2022.2.4,120.34606715192439,
,[215],,Faces_AI/aiface (145).png,088648,001,2022-11-23_19h19.45.498,LocalizerExperiment,2022.2.4,120.34606715192439,
,[],Faces_AI/aiface (49).png,,088648,001,2022-11-23_19h19.45.498,LocalizerExperiment,2022.2.4,120.34606715192439,
,[216],,Faces_AI/aiface (148).png,088648,001,2022-11-23_19h19.45.498,LocalizerExperiment,2022.2.4,120.34606715192439,
,[],Faces_AI/aiface (45).png,,088648,001,2022-11-23_19h19.45.498,LocalizerExperiment,2022.2.4,120.34606715192439,
,[217],,Faces_AI/aiface (144).png,088648,001,2022-11-23_19h19.45.498,LocalizerExperiment,2022.2.4,120.34606715192439,
,[],Faces_AI/aiface (52).png,,088648,001,2022-11-23_19h19.45.498,LocalizerExperiment,2022.2.4,120.34606715192439,
,[218],,Faces_AI/aiface (151).png,088648,001,2022-11-23_19h19.45.498,LocalizerExperiment,2022.2.4,120.34606715192439,
,[],Faces_AI/aiface (47).png,,088648,001,2022-11-23_19h19.45.498,LocalizerExperiment,2022.2.4,120.34606715192439,
,[219],,Faces_AI/aiface (146).png,088648,001,2022-11-23_19h19.45.498,LocalizerExperiment,2022.2.4,120.34606715192439,
,[],Faces_AI/aiface (48).png,,088648,001,2022-11-23_19h19.45.498,LocalizerExperiment,2022.2.4,120.34606715192439,
,[220],,Faces_AI/aiface (147).png,088648,001,2022-11-23_19h19.45.498,LocalizerExperiment,2022.2.4,120.34606715192439,
,[],Faces_AI/aiface (50).png,,088648,001,2022-11-23_19h19.45.498,LocalizerExperiment,2022.2.4,120.34606715192439,
,[221],,Faces_AI/aiface (149).png,088648,001,2022-11-23_19h19.45.498,LocalizerExperiment,2022.2.4,120.34606715192439,
,[],Faces_AI/aiface (51).png,,088648,001,2022-11-23_19h19.45.498,LocalizerExperiment,2022.2.4,120.34606715192439,
,[222],,Faces_AI/aiface (150).png,088648,001,2022-11-23_19h19.45.498,LocalizerExperiment,2022.2.4,120.34606715192439,
resting,"[223, 224, 225, 226, 227, 228, 229, 230]",,,088648,001,2022-11-23_19h19.45.498,LocalizerExperiment,2022.2.4,120.34606715192439,
,[],Faces_AI/aiface (57).png,,088648,001,2022-11-23_19h19.45.498,LocalizerExperiment,2022.2.4,120.34606715192439,
,[231],,Faces_AI/aiface (156).png,088648,001,2022-11-23_19h19.45.498,LocalizerExperiment,2022.2.4,120.34606715192439,
,[],Faces_AI/aiface (59).png,,088648,001,2022-11-23_19h19.45.498,LocalizerExperiment,2022.2.4,120.34606715192439,
,[232],,Faces_AI/aiface (158).png,088648,001,2022-11-23_19h19.45.498,LocalizerExperiment,2022.2.4,120.34606715192439,
,[],Faces_AI/aiface (54).png,,088648,001,2022-11-23_19h19.45.498,LocalizerExperiment,2022.2.4,120.34606715192439,
,[233],,Faces_AI/aiface (153).png,088648,001,2022-11-23_19h19.45.498,LocalizerExperiment,2022.2.4,120.34606715192439,
,[],Faces_AI/aiface (55).png,,088648,001,2022-11-23_19h19.45.498,LocalizerExperiment,2022.2.4,120.34606715192439,
,[234],,Faces_AI/aiface (154).png,088648,001,2022-11-23_19h19.45.498,LocalizerExperiment,2022.2.4,120.34606715192439,
,[],Faces_AI/aiface (58).png,,088648,001,2022-11-23_19h19.45.498,LocalizerExperiment,2022.2.4,120.34606715192439,
,[235],,Faces_AI/aiface (157).png,088648,001,2022-11-23_19h19.45.498,LocalizerExperiment,2022.2.4,120.34606715192439,
,[],Faces_AI/aiface (56).png,,088648,001,2022-11-23_19h19.45.498,LocalizerExperiment,2022.2.4,120.34606715192439,
,[236],,Faces_AI/aiface (155).png,088648,001,2022-11-23_19h19.45.498,LocalizerExperiment,2022.2.4,120.34606715192439,
,[],Faces_AI/aiface (60).png,,088648,001,2022-11-23_19h19.45.498,LocalizerExperiment,2022.2.4,120.34606715192439,
,[237],,Faces_AI/aiface (159).png,088648,001,2022-11-23_19h19.45.498,LocalizerExperiment,2022.2.4,120.34606715192439,
,[],Faces_AI/aiface (53).png,,088648,001,2022-11-23_19h19.45.498,LocalizerExperiment,2022.2.4,120.34606715192439,
,[238],,Faces_AI/aiface (152).png,088648,001,2022-11-23_19h19.45.498,LocalizerExperiment,2022.2.4,120.34606715192439,
resting,"[239, 240, 241, 242, 243, 244, 245, 246]",,,088648,001,2022-11-23_19h19.45.498,LocalizerExperiment,2022.2.4,120.34606715192439,
,[],Houses_AI/aihouse (13).png,,088648,001,2022-11-23_19h19.45.498,LocalizerExperiment,2022.2.4,120.34606715192439,
,[247],,Houses_AI/aihouse (73).png,088648,001,2022-11-23_19h19.45.498,LocalizerExperiment,2022.2.4,120.34606715192439,
,[],Houses_AI/aihouse (15).png,,088648,001,2022-11-23_19h19.45.498,LocalizerExperiment,2022.2.4,120.34606715192439,
,[248],,Houses_AI/aihouse (75).png,088648,001,2022-11-23_19h19.45.498,LocalizerExperiment,2022.2.4,120.34606715192439,
,[],Houses_AI/aihouse (16).png,,088648,001,2022-11-23_19h19.45.498,LocalizerExperiment,2022.2.4,120.34606715192439,
,[249],,Houses_AI/aihouse (76).png,088648,001,2022-11-23_19h19.45.498,LocalizerExperiment,2022.2.4,120.34606715192439,
,[],Houses_AI/aihouse (60).png,,088648,001,2022-11-23_19h19.45.498,LocalizerExperiment,2022.2.4,120.34606715192439,
,[250],,Houses_AI/aihouse (120).png,088648,001,2022-11-23_19h19.45.498,LocalizerExperiment,2022.2.4,120.34606715192439,
,[],Houses_AI/aihouse (58).png,,088648,001,2022-11-23_19h19.45.498,LocalizerExperiment,2022.2.4,120.34606715192439,
,[251],,Houses_AI/aihouse (118).png,088648,001,2022-11-23_19h19.45.498,LocalizerExperiment,2022.2.4,120.34606715192439,
,[],Houses_AI/aihouse (14).png,,088648,001,2022-11-23_19h19.45.498,LocalizerExperiment,2022.2.4,120.34606715192439,
,[252],,Houses_AI/aihouse (74).png,088648,001,2022-11-23_19h19.45.498,LocalizerExperiment,2022.2.4,120.34606715192439,
,[],Houses_AI/aihouse (59).png,,088648,001,2022-11-23_19h19.45.498,LocalizerExperiment,2022.2.4,120.34606715192439,
,[253],,Houses_AI/aihouse (119).png,088648,001,2022-11-23_19h19.45.498,LocalizerExperiment,2022.2.4,120.34606715192439,
,[],Houses_AI/aihouse (12).png,,088648,001,2022-11-23_19h19.45.498,LocalizerExperiment,2022.2.4,120.34606715192439,
,[254],,Houses_AI/aihouse (72).png,088648,001,2022-11-23_19h19.45.498,LocalizerExperiment,2022.2.4,120.34606715192439,
resting,"[255, 256, 257, 258, 259, 260, 261, 262]",,,088648,001,2022-11-23_19h19.45.498,LocalizerExperiment,2022.2.4,120.34606715192439,
,[],Faces_AI/aiface (66).png,,088648,001,2022-11-23_19h19.45.498,LocalizerExperiment,2022.2.4,120.34606715192439,
,[263],,Faces_AI/aiface (165).png,088648,001,2022-11-23_19h19.45.498,LocalizerExperiment,2022.2.4,120.34606715192439,
,[],Faces_AI/aiface (62).png,,088648,001,2022-11-23_19h19.45.498,LocalizerExperiment,2022.2.4,120.34606715192439,
,[264],,Faces_AI/aiface (161).png,088648,001,2022-11-23_19h19.45.498,LocalizerExperiment,2022.2.4,120.34606715192439,
,[],Faces_AI/aiface (64).png,,088648,001,2022-11-23_19h19.45.498,LocalizerExperiment,2022.2.4,120.34606715192439,
,[265],,Faces_AI/aiface (163).png,088648,001,2022-11-23_19h19.45.498,LocalizerExperiment,2022.2.4,120.34606715192439,
,[],Faces_AI/aiface (65).png,,088648,001,2022-11-23_19h19.45.498,LocalizerExperiment,2022.2.4,120.34606715192439,
,[266],,Faces_AI/aiface (164).png,088648,001,2022-11-23_19h19.45.498,LocalizerExperiment,2022.2.4,120.34606715192439,
,[],Faces_AI/aiface (61).png,,088648,001,2022-11-23_19h19.45.498,LocalizerExperiment,2022.2.4,120.34606715192439,
,[267],,Faces_AI/aiface (160).png,088648,001,2022-11-23_19h19.45.498,LocalizerExperiment,2022.2.4,120.34606715192439,
,[],Faces_AI/aiface (63).png,,088648,001,2022-11-23_19h19.45.498,LocalizerExperiment,2022.2.4,120.34606715192439,
,[268],,Faces_AI/aiface (162).png,088648,001,2022-11-23_19h19.45.498,LocalizerExperiment,2022.2.4,120.34606715192439,
,[],Faces_AI/aiface (68).png,,088648,001,2022-11-23_19h19.45.498,LocalizerExperiment,2022.2.4,120.34606715192439,
,[269],,Faces_AI/aiface (167).png,088648,001,2022-11-23_19h19.45.498,LocalizerExperiment,2022.2.4,120.34606715192439,
,[],Faces_AI/aiface (67).png,,088648,001,2022-11-23_19h19.45.498,LocalizerExperiment,2022.2.4,120.34606715192439,
,[270],,Faces_AI/aiface (166).png,088648,001,2022-11-23_19h19.45.498,LocalizerExperiment,2022.2.4,120.34606715192439,
resting,"[271, 272, 273, 274, 275, 276, 277, 278]",,,088648,001,2022-11-23_19h19.45.498,LocalizerExperiment,2022.2.4,120.34606715192439,
,[],Houses_AI/aihouse (18).png,,088648,001,2022-11-23_19h19.45.498,LocalizerExperiment,2022.2.4,120.34606715192439,
,[279],,Houses_AI/aihouse (78).png,088648,001,2022-11-23_19h19.45.498,LocalizerExperiment,2022.2.4,120.34606715192439,
,[],Houses_AI/aihouse (21).png,,088648,001,2022-11-23_19h19.45.498,LocalizerExperiment,2022.2.4,120.34606715192439,
,[280],,Houses_AI/aihouse (81).png,088648,001,2022-11-23_19h19.45.498,LocalizerExperiment,2022.2.4,120.34606715192439,
,[],Houses_AI/aihouse (17).png,,088648,001,2022-11-23_19h19.45.498,LocalizerExperiment,2022.2.4,120.34606715192439,
,[281],,Houses_AI/aihouse (77).png,088648,001,2022-11-23_19h19.45.498,LocalizerExperiment,2022.2.4,120.34606715192439,
,[],Houses_AI/aihouse (23).png,,088648,001,2022-11-23_19h19.45.498,LocalizerExperiment,2022.2.4,120.34606715192439,
,[282],,Houses_AI/aihouse (83).png,088648,001,2022-11-23_19h19.45.498,LocalizerExperiment,2022.2.4,120.34606715192439,
,[],Houses_AI/aihouse (22).png,,088648,001,2022-11-23_19h19.45.498,LocalizerExperiment,2022.2.4,120.34606715192439,
,[283],,Houses_AI/aihouse (82).png,088648,001,2022-11-23_19h19.45.498,LocalizerExperiment,2022.2.4,120.34606715192439,
,[],Houses_AI/aihouse (20).png,,088648,001,2022-11-23_19h19.45.498,LocalizerExperiment,2022.2.4,120.34606715192439,
,[284],,Houses_AI/aihouse (80).png,088648,001,2022-11-23_19h19.45.498,LocalizerExperiment,2022.2.4,120.34606715192439,
,[],Houses_AI/aihouse (24).png,,088648,001,2022-11-23_19h19.45.498,LocalizerExperiment,2022.2.4,120.34606715192439,
,[285],,Houses_AI/aihouse (84).png,088648,001,2022-11-23_19h19.45.498,LocalizerExperiment,2022.2.4,120.34606715192439,
,[],Houses_AI/aihouse (19).png,,088648,001,2022-11-23_19h19.45.498,LocalizerExperiment,2022.2.4,120.34606715192439,
,[286],,Houses_AI/aihouse (79).png,088648,001,2022-11-23_19h19.45.498,LocalizerExperiment,2022.2.4,120.34606715192439,
resting,"[287, 288, 289, 290, 291, 292, 293, 294]",,,088648,001,2022-11-23_19h19.45.498,LocalizerExperiment,2022.2.4,120.34606715192439,
,[],Houses_AI/aihouse (27).png,,088648,001,2022-11-23_19h19.45.498,LocalizerExperiment,2022.2.4,120.34606715192439,
,[295],,Houses_AI/aihouse (87).png,088648,001,2022-11-23_19h19.45.498,LocalizerExperiment,2022.2.4,120.34606715192439,
,[],Houses_AI/aihouse (32).png,,088648,001,2022-11-23_19h19.45.498,LocalizerExperiment,2022.2.4,120.34606715192439,
,[296],,Houses_AI/aihouse (92).png,088648,001,2022-11-23_19h19.45.498,LocalizerExperiment,2022.2.4,120.34606715192439,
,[],Houses_AI/aihouse (25).png,,088648,001,2022-11-23_19h19.45.498,LocalizerExperiment,2022.2.4,120.34606715192439,
,[297],,Houses_AI/aihouse (85).png,088648,001,2022-11-23_19h19.45.498,LocalizerExperiment,2022.2.4,120.34606715192439,
,[],Houses_AI/aihouse (26).png,,088648,001,2022-11-23_19h19.45.498,LocalizerExperiment,2022.2.4,120.34606715192439,
,[298],,Houses_AI/aihouse (86).png,088648,001,2022-11-23_19h19.45.498,LocalizerExperiment,2022.2.4,120.34606715192439,
,[],Houses_AI/aihouse (31).png,,088648,001,2022-11-23_19h19.45.498,LocalizerExperiment,2022.2.4,120.34606715192439,
,[299],,Houses_AI/aihouse (91).png,088648,001,2022-11-23_19h19.45.498,LocalizerExperiment,2022.2.4,120.34606715192439,
,[],Houses_AI/aihouse (28).png,,088648,001,2022-11-23_19h19.45.498,LocalizerExperiment,2022.2.4,120.34606715192439,
,[300],,Houses_AI/aihouse (88).png,088648,001,2022-11-23_19h19.45.498,LocalizerExperiment,2022.2.4,120.34606715192439,
,[],Houses_AI/aihouse (30).png,,088648,001,2022-11-23_19h19.45.498,LocalizerExperiment,2022.2.4,120.34606715192439,
,[301],,Houses_AI/aihouse (90).png,088648,001,2022-11-23_19h19.45.498,LocalizerExperiment,2022.2.4,120.34606715192439,
,[],Houses_AI/aihouse (29).png,,088648,001,2022-11-23_19h19.45.498,LocalizerExperiment,2022.2.4,120.34606715192439,
,[302],,Houses_AI/aihouse (89).png,088648,001,2022-11-23_19h19.45.498,LocalizerExperiment,2022.2.4,120.34606715192439,
resting,"[303, 304, 305, 306, 307, 308, 309, 310]",,,088648,001,2022-11-23_19h19.45.498,LocalizerExperiment,2022.2.4,120.34606715192439,
,[],Faces_AI/aiface (74).png,,088648,001,2022-11-23_19h19.45.498,LocalizerExperiment,2022.2.4,120.34606715192439,
,[311],,Faces_AI/aiface (173).png,088648,001,2022-11-23_19h19.45.498,LocalizerExperiment,2022.2.4,120.34606715192439,
,[],Faces_AI/aiface (69).png,,088648,001,2022-11-23_19h19.45.498,LocalizerExperiment,2022.2.4,120.34606715192439,
,[312],,Faces_AI/aiface (168).png,088648,001,2022-11-23_19h19.45.498,LocalizerExperiment,2022.2.4,120.34606715192439,
,[],Faces_AI/aiface (73).png,,088648,001,2022-11-23_19h19.45.498,LocalizerExperiment,2022.2.4,120.34606715192439,
,[313],,Faces_AI/aiface (172).png,088648,001,2022-11-23_19h19.45.498,LocalizerExperiment,2022.2.4,120.34606715192439,
,[],Faces_AI/aiface (71).png,,088648,001,2022-11-23_19h19.45.498,LocalizerExperiment,2022.2.4,120.34606715192439,
,[314],,Faces_AI/aiface (170).png,088648,001,2022-11-23_19h19.45.498,LocalizerExperiment,2022.2.4,120.34606715192439,
,[],Faces_AI/aiface (72).png,,088648,001,2022-11-23_19h19.45.498,LocalizerExperiment,2022.2.4,120.34606715192439,
,[315],,Faces_AI/aiface (171).png,088648,001,2022-11-23_19h19.45.498,LocalizerExperiment,2022.2.4,120.34606715192439,
,[],Faces_AI/aiface (70).png,,088648,001,2022-11-23_19h19.45.498,LocalizerExperiment,2022.2.4,120.34606715192439,
,[316],,Faces_AI/aiface (169).png,088648,001,2022-11-23_19h19.45.498,LocalizerExperiment,2022.2.4,120.34606715192439,
,[],Faces_AI/aiface (76).png,,088648,001,2022-11-23_19h19.45.498,LocalizerExperiment,2022.2.4,120.34606715192439,
,[317],,Faces_AI/aiface (175).png,088648,001,2022-11-23_19h19.45.498,LocalizerExperiment,2022.2.4,120.34606715192439,
,[],Faces_AI/aiface (75).png,,088648,001,2022-11-23_19h19.45.498,LocalizerExperiment,2022.2.4,120.34606715192439,
,[318],,Faces_AI/aiface (174).png,088648,001,2022-11-23_19h19.45.498,LocalizerExperiment,2022.2.4,120.34606715192439,
resting,"[319, 320, 321, 322, 323, 324, 325, 326]",,,088648,001,2022-11-23_19h19.45.498,LocalizerExperiment,2022.2.4,120.34606715192439,
,[],Houses_AI/aihouse (40).png,,088648,001,2022-11-23_19h19.45.498,LocalizerExperiment,2022.2.4,120.34606715192439,
,[327],,Houses_AI/aihouse (100).png,088648,001,2022-11-23_19h19.45.498,LocalizerExperiment,2022.2.4,120.34606715192439,
,[],Houses_AI/aihouse (36).png,,088648,001,2022-11-23_19h19.45.498,LocalizerExperiment,2022.2.4,120.34606715192439,
,[328],,Houses_AI/aihouse (96).png,088648,001,2022-11-23_19h19.45.498,LocalizerExperiment,2022.2.4,120.34606715192439,
,[],Houses_AI/aihouse (39).png,,088648,001,2022-11-23_19h19.45.498,LocalizerExperiment,2022.2.4,120.34606715192439,
,[329],,Houses_AI/aihouse (99).png,088648,001,2022-11-23_19h19.45.498,LocalizerExperiment,2022.2.4,120.34606715192439,
,[],Houses_AI/aihouse (38).png,,088648,001,2022-11-23_19h19.45.498,LocalizerExperiment,2022.2.4,120.34606715192439,
,[330],,Houses_AI/aihouse (98).png,088648,001,2022-11-23_19h19.45.498,LocalizerExperiment,2022.2.4,120.34606715192439,
,[],Houses_AI/aihouse (34).png,,088648,001,2022-11-23_19h19.45.498,LocalizerExperiment,2022.2.4,120.34606715192439,
,[331],,Houses_AI/aihouse (94).png,088648,001,2022-11-23_19h19.45.498,LocalizerExperiment,2022.2.4,120.34606715192439,
,[],Houses_AI/aihouse (33).png,,088648,001,2022-11-23_19h19.45.498,LocalizerExperiment,2022.2.4,120.34606715192439,
,[332],,Houses_AI/aihouse (93).png,088648,001,2022-11-23_19h19.45.498,LocalizerExperiment,2022.2.4,120.34606715192439,
,[],Houses_AI/aihouse (37).png,,088648,001,2022-11-23_19h19.45.498,LocalizerExperiment,2022.2.4,120.34606715192439,
,[333],,Houses_AI/aihouse (97).png,088648,001,2022-11-23_19h19.45.498,LocalizerExperiment,2022.2.4,120.34606715192439,
,[],Houses_AI/aihouse (35).png,,088648,001,2022-11-23_19h19.45.498,LocalizerExperiment,2022.2.4,120.34606715192439,
,[334],,Houses_AI/aihouse (95).png,088648,001,2022-11-23_19h19.45.498,LocalizerExperiment,2022.2.4,120.34606715192439,
resting,"[335, 336, 337, 338, 339, 340, 341, 342]",,,088648,001,2022-11-23_19h19.45.498,LocalizerExperiment,2022.2.4,120.34606715192439,
,[],Faces_AI/aiface (78).png,,088648,001,2022-11-23_19h19.45.498,LocalizerExperiment,2022.2.4,120.34606715192439,
,[343],,Faces_AI/aiface (177).png,088648,001,2022-11-23_19h19.45.498,LocalizerExperiment,2022.2.4,120.34606715192439,
,[],Faces_AI/aiface (81).png,,088648,001,2022-11-23_19h19.45.498,LocalizerExperiment,2022.2.4,120.34606715192439,
,[344],,Faces_AI/aiface (180).png,088648,001,2022-11-23_19h19.45.498,LocalizerExperiment,2022.2.4,120.34606715192439,
,[],Faces_AI/aiface (83).png,,088648,001,2022-11-23_19h19.45.498,LocalizerExperiment,2022.2.4,120.34606715192439,
,[345],,Faces_AI/aiface (182).png,088648,001,2022-11-23_19h19.45.498,LocalizerExperiment,2022.2.4,120.34606715192439,
,[],Faces_AI/aiface (79).png,,088648,001,2022-11-23_19h19.45.498,LocalizerExperiment,2022.2.4,120.34606715192439,
,[346],,Faces_AI/aiface (178).png,088648,001,2022-11-23_19h19.45.498,LocalizerExperiment,2022.2.4,120.34606715192439,
,[],Faces_AI/aiface (77).png,,088648,001,2022-11-23_19h19.45.498,LocalizerExperiment,2022.2.4,120.34606715192439,
,[347],,Faces_AI/aiface (176).png,088648,001,2022-11-23_19h19.45.498,LocalizerExperiment,2022.2.4,120.34606715192439,
,[],Faces_AI/aiface (80).png,,088648,001,2022-11-23_19h19.45.498,LocalizerExperiment,2022.2.4,120.34606715192439,
,[348],,Faces_AI/aiface (179).png,088648,001,2022-11-23_19h19.45.498,LocalizerExperiment,2022.2.4,120.34606715192439,
,[],Faces_AI/aiface (84).png,,088648,001,2022-11-23_19h19.45.498,LocalizerExperiment,2022.2.4,120.34606715192439,
,[349],,Faces_AI/aiface (183).png,088648,001,2022-11-23_19h19.45.498,LocalizerExperiment,2022.2.4,120.34606715192439,
,[],Faces_AI/aiface (82).png,,088648,001,2022-11-23_19h19.45.498,LocalizerExperiment,2022.2.4,120.34606715192439,
,[350],,Faces_AI/aiface (181).png,088648,001,2022-11-23_19h19.45.498,LocalizerExperiment,2022.2.4,120.34606715192439,
resting,"[351, 352, 353, 354, 355, 356, 357, 358]",,,088648,001,2022-11-23_19h19.45.498,LocalizerExperiment,2022.2.4,120.34606715192439,
,[],Faces_AI/aiface (86).png,,088648,001,2022-11-23_19h19.45.498,LocalizerExperiment,2022.2.4,120.34606715192439,
,[359],,Faces_AI/aiface (185).png,088648,001,2022-11-23_19h19.45.498,LocalizerExperiment,2022.2.4,120.34606715192439,
,[],Faces_AI/aiface (91).png,,088648,001,2022-11-23_19h19.45.498,LocalizerExperiment,2022.2.4,120.34606715192439,
,[360],,Faces_AI/aiface (190).png,088648,001,2022-11-23_19h19.45.498,LocalizerExperiment,2022.2.4,120.34606715192439,
,[],Faces_AI/aiface (92).png,,088648,001,2022-11-23_19h19.45.498,LocalizerExperiment,2022.2.4,120.34606715192439,
,[361],,Faces_AI/aiface (191).png,088648,001,2022-11-23_19h19.45.498,LocalizerExperiment,2022.2.4,120.34606715192439,
,[],Faces_AI/aiface (85).png,,088648,001,2022-11-23_19h19.45.498,LocalizerExperiment,2022.2.4,120.34606715192439,
,[362],,Faces_AI/aiface (184).png,088648,001,2022-11-23_19h19.45.498,LocalizerExperiment,2022.2.4,120.34606715192439,
,[],Faces_AI/aiface (90).png,,088648,001,2022-11-23_19h19.45.498,LocalizerExperiment,2022.2.4,120.34606715192439,
,[363],,Faces_AI/aiface (189).png,088648,001,2022-11-23_19h19.45.498,LocalizerExperiment,2022.2.4,120.34606715192439,
,[],Faces_AI/aiface (89).png,,088648,001,2022-11-23_19h19.45.498,LocalizerExperiment,2022.2.4,120.34606715192439,
,[364],,Faces_AI/aiface (188).png,088648,001,2022-11-23_19h19.45.498,LocalizerExperiment,2022.2.4,120.34606715192439,
,[],Faces_AI/aiface (87).png,,088648,001,2022-11-23_19h19.45.498,LocalizerExperiment,2022.2.4,120.34606715192439,
,[365],,Faces_AI/aiface (186).png,088648,001,2022-11-23_19h19.45.498,LocalizerExperiment,2022.2.4,120.34606715192439,
,[],Faces_AI/aiface (88).png,,088648,001,2022-11-23_19h19.45.498,LocalizerExperiment,2022.2.4,120.34606715192439,
,[366],,Faces_AI/aiface (187).png,088648,001,2022-11-23_19h19.45.498,LocalizerExperiment,2022.2.4,120.34606715192439,
resting,"[367, 368, 369, 370, 371, 372, 373, 374]",,,088648,001,2022-11-23_19h19.45.498,LocalizerExperiment,2022.2.4,120.34606715192439,
,[],Houses_AI/aihouse (45).png,,088648,001,2022-11-23_19h19.45.498,LocalizerExperiment,2022.2.4,120.34606715192439,
,[375],,Houses_AI/aihouse (105).png,088648,001,2022-11-23_19h19.45.498,LocalizerExperiment,2022.2.4,120.34606715192439,
,[],Houses_AI/aihouse (41).png,,088648,001,2022-11-23_19h19.45.498,LocalizerExperiment,2022.2.4,120.34606715192439,
,[376],,Houses_AI/aihouse (101).png,088648,001,2022-11-23_19h19.45.498,LocalizerExperiment,2022.2.4,120.34606715192439,
,[],Houses_AI/aihouse (48).png,,088648,001,2022-11-23_19h19.45.498,LocalizerExperiment,2022.2.4,120.34606715192439,
,[377],,Houses_AI/aihouse (108).png,088648,001,2022-11-23_19h19.45.498,LocalizerExperiment,2022.2.4,120.34606715192439,
,[],Houses_AI/aihouse (44).png,,088648,001,2022-11-23_19h19.45.498,LocalizerExperiment,2022.2.4,120.34606715192439,
,[378],,Houses_AI/aihouse (104).png,088648,001,2022-11-23_19h19.45.498,LocalizerExperiment,2022.2.4,120.34606715192439,
,[],Houses_AI/aihouse (46).png,,088648,001,2022-11-23_19h19.45.498,LocalizerExperiment,2022.2.4,120.34606715192439,
,[379],,Houses_AI/aihouse (106).png,088648,001,2022-11-23_19h19.45.498,LocalizerExperiment,2022.2.4,120.34606715192439,
,[],Houses_AI/aihouse (47).png,,088648,001,2022-11-23_19h19.45.498,LocalizerExperiment,2022.2.4,120.34606715192439,
,[380],,Houses_AI/aihouse (107).png,088648,001,2022-11-23_19h19.45.498,LocalizerExperiment,2022.2.4,120.34606715192439,
,[],Houses_AI/aihouse (42).png,,088648,001,2022-11-23_19h19.45.498,LocalizerExperiment,2022.2.4,120.34606715192439,
,[381],,Houses_AI/aihouse (102).png,088648,001,2022-11-23_19h19.45.498,LocalizerExperiment,2022.2.4,120.34606715192439,
,[],Houses_AI/aihouse (43).png,,088648,001,2022-11-23_19h19.45.498,LocalizerExperiment,2022.2.4,120.34606715192439,
,[382],,Houses_AI/aihouse (103).png,088648,001,2022-11-23_19h19.45.498,LocalizerExperiment,2022.2.4,120.34606715192439,
resting,"[383, 384, 385, 386, 387, 388, 389, 390]",,,088648,001,2022-11-23_19h19.45.498,LocalizerExperiment,2022.2.4,120.34606715192439,
